category,image_auroc,pixel_auroc,image_ap,f1,false_alarm_rate,miss_rate
bottle,1.0,0.982722952175291,0.9999999999999998,0.9919999999999999,0.0,0.015873015873015872
cable,0.9761994002998501,0.9705840763478963,0.9840639179223514,0.9005847953216375,0.034482758620689655,0.16304347826086957
capsule,0.8791384124451536,0.9821586342675237,0.9675564082739324,0.8085106382978724,0.13043478260869565,0.30275229357798167
carpet,0.9779293739967896,0.9923650862987531,0.9939352111679522,0.9304812834224598,0.39285714285714285,0.02247191011235955
grid,0.7978279030910611,0.9693322790842035,0.9129515679292881,0.4935064935064935,0.047619047619047616,0.6666666666666666
hazelnut,0.9960714285714286,0.9848665768160263,0.997777467609303,0.9710144927536232,0.025,0.04285714285714286
leather,1.0,0.9949322462891921,1.0000000000000002,0.9777777777777777,0.0,0.043478260869565216
metal_nut,0.9501466275659824,0.9642612424177819,0.9889432835932332,0.8994082840236686,0.0,0.1827956989247312
pill,0.9268957992362248,0.9133349726364087,0.9868841109516474,0.6310679611650485,0.0,0.5390070921985816
screw,0.7192047550727608,0.9846344715142717,0.8521744703276163,0.16793893129770993,0.024390243902439025,0.907563025210084
tile,0.966089466089466,0.8645284144799457,0.9867969464546233,0.6,0.0,0.5714285714285714
toothbrush,0.9694444444444444,0.9891630060802769,0.9875565084059708,0.8235294117647058,0.0,0.3
transistor,0.9625,0.9018859612762536,0.9635028613112536,0.8571428571428571,0.0,0.25
wood,0.9903508771929823,0.924508341087108,0.9971424161826848,0.9572649572649572,0.05263157894736842,0.06666666666666667
zipper,0.9587710084033614,0.9754822234797551,0.9873942392117959,0.95,0.21875,0.04201680672268908
